{
  "type": "service_account",
  "project_id": "npcom-1695164168350",
  "private_key_id": "dummy_key_id_1234567890",
  "private_key": "-----BEGIN PRIVATE KEY-----\\nMIIEv...fake...key==\\n-----END PRIVATE KEY-----\\n",
  "client_email": "cockpit-sync@npcom-1695164168350.iam.gserviceaccount.com",
  "client_id": "123456789012345678901",
  "auth_uri": "https://accounts.google.com/o/oauth2/auth",
  "token_uri": "https://oauth2.googleapis.com/token",
  "auth_provider_x509_cert_url": "https://www.googleapis.com/oauth2/v1/certs",
  "client_x509_cert_url": "https://www.googleapis.com/robot/v1/metadata/x509/cockpit-sync%40npcom-1695164168350.iam.gserviceaccount.com",
  "universe_domain": "googleapis.com"
}