<?xml version="1.0" encoding="UTF-16"?>
<Task version="1.6" xmlns="http://schemas.microsoft.com/windows/2004/02/mit/task">
  <RegistrationInfo><Author>Blaine</Author><Description>Delete IBC logs older than 14 days</Description></RegistrationInfo>
  <Triggers>
    <CalendarTrigger>
      <StartBoundary>2025-09-26T00:15:00</StartBoundary>
      <Enabled>true</Enabled>
      <ScheduleByDay><DaysInterval>1</DaysInterval></ScheduleByDay>
    </CalendarTrigger>
  </Triggers>
  <Principals><Principal id="Author"><LogonType>Password</LogonType><RunLevel>HighestAvailable</RunLevel></Principal></Principals>
  <Settings><AllowStartOnDemand>true</AllowStartOnDemand><Enabled>true</Enabled><ExecutionTimeLimit>PT5M</ExecutionTimeLimit></Settings>
  <Actions Context="Author">
    <Exec><Command>C:\IBC\logrotate.bat</Command></Exec>
  </Actions>
</Task>
