<?xml version="1.0" encoding="UTF-16"?>
<Task version="1.4" xmlns="http://schemas.microsoft.com/windows/2004/02/mit/task">
  <RegistrationInfo>
    <Date>2025-09-26T00:00:00</Date>
    <Author>Blaine</Author>
    <Description>Always-on IBC + TWS auto-start for Vega Cockpit (daily restart + Sunday cold restart)</Description>
  </RegistrationInfo>
  <Triggers>
    <LogonTrigger>
      <Enabled>true</Enabled>
    </LogonTrigger>
    <CalendarTrigger>
      <StartBoundary>2025-09-26T05:30:00</StartBoundary>
      <Enabled>true</Enabled>
      <ScheduleByDay><DaysInterval>1</DaysInterval></ScheduleByDay>
    </CalendarTrigger>
    <CalendarTrigger>
      <StartBoundary>2025-09-28T07:05:00</StartBoundary>
      <Enabled>true</Enabled>
      <ScheduleByWeek>
        <WeeksInterval>1</WeeksInterval>
        <DaysOfWeek><Sunday/></DaysOfWeek>
      </ScheduleByWeek>
    </CalendarTrigger>
  </Triggers>
  <Principals>
    <Principal id="Author"><LogonType>Password</LogonType><RunLevel>HighestAvailable</RunLevel></Principal>
  </Principals>
  <Settings>
    <MultipleInstancesPolicy>IgnoreNew</MultipleInstancesPolicy>
    <DisallowStartIfOnBatteries>false</DisallowStartIfOnBatteries>
    <StopIfGoingOnBatteries>false</StopIfGoingOnBatteries>
    <AllowHardTerminate>true</AllowHardTerminate>
    <StartWhenAvailable>true</StartWhenAvailable>
    <RunOnlyIfNetworkAvailable>false</RunOnlyIfNetworkAvailable>
    <IdleSettings><StopOnIdleEnd>false</StopOnIdleEnd><RestartOnIdle>false</RestartOnIdle></IdleSettings>
    <AllowStartOnDemand>true</AllowStartOnDemand>
    <Enabled>true</Enabled>
    <Hidden>false</Hidden>
    <RunOnlyIfIdle>false</RunOnlyIfIdle>
    <WakeToRun>true</WakeToRun>
    <ExecutionTimeLimit>PT0S</ExecutionTimeLimit>
    <Priority>7</Priority>
  </Settings>
  <Actions Context="Author">
    <Exec>
      <Command>C:\IBC\starter.bat</Command>
      <Arguments>/INLINE</Arguments>
      <WorkingDirectory>C:\IBC</WorkingDirectory>
    </Exec>
  </Actions>
</Task>
